f0,f1,f2,f3,f4,f5,action
0,1,0,1.0,1.0,1.0,0
0,1,0,1.0,1.0,1.0,0
0,1,0,1.0,1.0,1.0,0
0,1,0,1.0,1.0,1.0,0
0,1,0,1.0,1.0,1.0,0
0,1,0,1.0,1.0,1.0,0
0,1,0,1.0,1.0,1.0,0
0,1,0,1.0,1.0,1.0,0
0,1,0,1.0,1.0,1.0,0
0,1,0,1.0,1.0,1.0,0
0,1,0,1.0,1.0,1.0,0
0,1,0,1.0,1.0,1.0,0
0,1,0,1.0,1.0,1.0,0
0,1,0,1.0,1.0,1.0,0
0,1,0,1.0,1.0,1.0,0
0,1,0,1.0,1.0,1.0,0
0,1,0,1.0,1.0,1.0,0
0,1,0,1.0,1.0,1.0,0
0,1,0,1.0,1.0,1.0,0
0,1,0,1.0,1.0,1.0,0
0,1,0,1.0,1.0,1.0,0
0,1,0,1.0,1.0,1.0,0
0,1,0,1.0,1.0,1.0,0
0,1,0,1.0,1.0,1.0,0
0,1,0,1.0,1.0,1.0,0
0,1,0,1.0,1.0,1.0,0
0,1,0,1.0,1.0,1.0,0
0,1,0,1.0,1.0,1.0,0
0,1,0,1.0,1.0,1.0,0
0,1,0,1.0,1.0,1.0,0
0,1,0,1.0,1.0,1.0,0
0,1,0,1.0,1.0,1.0,0
0,1,0,1.0,1.0,1.0,0
0,1,0,1.0,1.0,1.0,0
0,1,0,1.0,1.0,1.0,0
0,1,0,1.0,1.0,1.0,0
0,1,0,1.0,1.0,1.0,0
0,1,0,1.0,1.0,1.0,0
0,1,0,1.0,1.0,1.0,0
0,1,0,1.0,1.0,1.0,0
0,1,0,1.0,1.0,1.0,0
0,1,0,1.0,1.0,1.0,0
0,1,0,1.0,1.0,1.0,0
0,1,0,1.0,1.0,1.0,0
0,1,0,1.0,1.0,1.0,0
0,1,0,1.0,1.0,1.0,0
0,1,0,1.0,1.0,1.0,0
0,1,0,1.0,1.0,1.0,0
0,1,0,1.0,1.0,1.0,0
0,1,0,1.0,1.0,1.0,0
0,1,0,1.0,1.0,1.0,0
0,1,0,1.0,1.0,1.0,0
0,1,0,1.0,1.0,1.0,0
0,1,0,1.0,1.0,1.0,0
0,1,0,1.0,1.0,1.0,0
0,1,0,1.0,1.0,1.0,0
0,1,0,1.0,1.0,1.0,0
0,1,0,1.0,1.0,1.0,0
0,1,0,1.0,1.0,1.0,0
0,1,0,1.0,1.0,1.0,0
0,1,0,1.0,1.0,1.0,0
0,1,0,1.0,1.0,1.0,0
0,1,0,1.0,1.0,1.0,0
0,1,0,1.0,1.0,1.0,0
0,1,0,1.0,1.0,1.0,0
0,1,0,1.0,1.0,1.0,0
0,1,0,1.0,1.0,1.0,0
0,1,0,1.0,1.0,1.0,0
0,1,0,1.0,1.0,1.0,0
0,1,0,1.0,1.0,1.0,0
0,1,0,1.0,1.0,1.0,0
0,1,0,1.0,1.0,1.0,0
0,1,0,1.0,1.0,1.0,0
0,1,0,1.0,1.0,1.0,0
0,1,0,1.0,1.0,1.0,0
0,1,0,1.0,1.0,1.0,0
0,1,0,1.0,1.0,1.0,0
0,1,0,1.0,1.0,1.0,0
0,1,0,1.0,1.0,1.0,0
0,1,0,1.0,1.0,1.0,0
0,1,0,1.0,1.0,1.0,0
0,1,0,1.0,1.0,1.0,0
0,1,0,1.0,1.0,1.0,0
0,1,0,1.0,1.0,1.0,0
0,1,0,1.0,1.0,1.0,0
0,1,0,1.0,1.0,1.0,0
0,1,0,1.0,1.0,1.0,0
0,1,0,1.0,1.0,1.0,0
0,1,0,1.0,1.0,1.0,0
0,1,0,1.0,1.0,1.0,0
0,1,0,1.0,1.0,1.0,0
0,1,0,1.0,1.0,1.0,0
0,1,0,1.0,1.0,1.0,0
0,1,0,1.0,1.0,1.0,0
0,1,0,1.0,1.0,1.0,0
0,1,0,1.0,1.0,1.0,0
0,1,0,1.0,1.0,1.0,0
0,1,0,1.0,1.0,1.0,0
0,1,0,1.0,1.0,1.0,0
0,1,0,1.0,1.0,1.0,0
0,1,0,1.0,1.0,1.0,0
0,1,0,1.0,1.0,1.0,0
0,1,0,1.0,1.0,1.0,0
0,1,0,1.0,1.0,1.0,0
0,1,0,1.0,1.0,1.0,0
0,1,0,1.0,1.0,1.0,0
0,1,0,1.0,1.0,1.0,0
0,1,0,1.0,1.0,1.0,0
0,1,0,1.0,1.0,1.0,0
0,1,0,1.0,1.0,1.0,0
0,1,0,1.0,1.0,1.0,0
0,1,0,1.0,1.0,1.0,0
0,1,0,1.0,1.0,1.0,0
0,1,0,1.0,1.0,1.0,0
0,1,0,1.0,1.0,1.0,0
0,1,0,1.0,1.0,1.0,0
0,1,0,1.0,1.0,1.0,0
0,1,0,1.0,1.0,1.0,0
0,1,0,1.0,1.0,1.0,0
0,1,0,1.0,1.0,1.0,0
0,1,0,1.0,1.0,1.0,0
0,1,0,1.0,1.0,1.0,0
0,1,0,1.0,1.0,1.0,0
0,1,0,1.0,1.0,1.0,0
0,1,0,1.0,1.0,1.0,0
0,1,0,1.0,1.0,1.0,0
0,1,0,1.0,0.5173328914225714,1.0,0
0,1,0,1.0,0.5138138308141253,1.0,0
0,1,0,1.0,0.5102967899970673,1.0,0
0,1,0,1.0,0.5067817862762553,1.0,0
0,1,0,1.0,0.5032688367871772,1.0,0
0,1,0,1.0,0.49975795849808435,1.0,0
0,1,0,1.0,0.49624916821207765,1.0,0
0,1,0,1.0,0.4927424825691459,1.0,0
0,1,0,1.0,0.4892379180481596,1.0,0
0,1,0,1.0,0.48573549096882135,1.0,0
0,1,0,1.0,0.4822352174935728,1.0,0
0,1,0,1.0,0.47873711362946103,1.0,0
0,1,0,1.0,0.4752411952299657,1.0,0
0,1,0,1.0,0.4717474779967866,1.0,0
0,1,0,1.0,0.4682559774815944,1.0,0
0,1,0,1.0,0.464766709087745,1.0,0
0,1,0,1.0,0.46127968807195857,1.0,0
0,1,0,1.0,0.4577949295459648,1.0,0
0,1,0,1.0,0.45431244847811475,1.0,0
0,1,0,1.0,0.4508322596949606,1.0,0
0,1,0,1.0,0.44735437788280397,1.0,0
0,1,0,1.0,0.44387881758921466,1.0,0
0,1,0,1.0,0.44040559322451944,1.0,0
0,1,0,1.0,0.43693471906326176,1.0,0
0,1,0,1.0,0.4334662092456349,1.0,0
0,1,0,1.0,0.43000007777888705,1.0,0
0,1,0,1.0,0.42653633853870065,1.0,0
0,1,0,1.0,0.42307500527054637,1.0,0
0,1,0,1.0,0.4196160915910115,1.0,0
0,1,0,1.0,0.4161596109891053,1.0,0
0,1,0,1.0,0.41270557682754,1.0,0
0,1,0,1.0,0.4092540023439894,1.0,0
0,1,0,1.0,0.40580490065232516,1.0,0
0,1,0,1.0,0.40235828474383106,1.0,0
0,1,0,1.0,0.39891416748839725,1.0,0
0,1,0,1.0,0.39547256163569255,1.0,0
0,1,0,1.0,0.3920334798163179,1.0,0
0,1,0,1.0,0.38859693454293975,1.0,0
0,1,0,1.0,0.3851629382114051,1.0,0
0,1,0,1.0,0.38173150310183707,1.0,0
0,1,0,1.0,0.3783026413797135,1.0,0
0,1,0,1.0,0.3748763650969271,1.0,0
0,1,0,1.0,0.3714526861928295,1.0,0
0,1,0,1.0,0.3680316164952576,1.0,0
0,1,0,1.0,0.3646131677215441,1.0,0
0,1,0,1.0,0.36119735147951215,1.0,0
0,1,0,1.0,0.3577841792684547,1.0,0
0,1,0,1.0,0.35437366248009805,1.0,0
0,1,0,1.0,0.3509658123995517,1.0,0
0,1,0,1.0,0.3475606402062426,1.0,0
0,1,0,1.0,0.34415815697483626,1.0,0
0,1,0,1.0,0.3407583736761437,1.0,0
0,1,0,1.0,0.3373613011780153,1.0,0
0,1,0,1.0,0.333966950246221,1.0,0
0,1,0,1.0,0.3305753315453183,1.0,0
0,1,0,1.0,0.32718645563950755,1.0,0
0,1,0,1.0,0.3238003329934746,1.0,0
0,1,0,1.0,0.32041697397322244,1.0,0
0,1,0,1.0,0.3170363888468904,1.0,0
0,1,0,1.0,0.3136585877855619,1.0,0
0,1,0,1.0,0.3102835808640617,1.0,0
0,1,0,1.0,0.30691137806174174,1.0,0
0,1,0,1.0,0.30354198926325643,1.0,0
0,1,0,1.0,0.3001754242593273,1.0,0
0,1,0,1.0,0.296811692747498,1.0,0
0,1,0,1.0,0.2934508043328786,1.0,0
0,1,0,1.0,0.2900927685288807,1.0,0
0,1,0,1.0,0.28673759475794264,1.0,0
0,1,0,1.0,0.28338529235224547,1.0,0
0,1,0,1.0,0.2800358705544196,1.0,0
0,1,0,1.0,0.2766893385182427,1.0,0
0,1,0,1.0,0.2733457053093288,1.0,0
0,1,0,1.0,0.2700049799058082,1.0,0
0,1,0,1.0,0.2666671711990002,1.0,0
0,1,0,1.0,0.263332287994076,1.0,0
0,1,0,1.0,0.2600003390107147,1.0,0
0,1,0,1.0,0.25667133288375077,1.0,0
0,1,0,1.0,0.2533452781638142,1.0,0
0,1,0,1.0,0.2500221833179624,1.0,0
0,1,0,1.0,0.24670205673030515,1.0,0
0,1,0,1.0,0.24338490670262206,1.0,0
0,1,0,1.0,0.2400707414549728,1.0,0
0,1,0,1.0,0.23675956912630033,1.0,0
0,1,0,1.0,0.2334513977750273,1.0,0
0,1,0,1.0,0.2301462353796453,1.0,0
0,1,0,1.0,0.2268440898392982,1.0,0
0,1,0,1.0,0.22354496897435813,1.0,0
0,1,0,1.0,0.22024888052699562,1.0,0
0,1,0,1.0,0.21695583216174336,1.0,0
0,1,0,1.0,0.21366583146605342,1.0,0
0,1,0,1.0,0.21037888595084916,1.0,0
0,1,0,1.0,0.2070950030510704,1.0,0
0,1,0,1.0,0.2038141901262132,1.0,0
0,1,0,1.0,0.20053645446086393,1.0,0
0,1,0,1.0,0.19726180326522752,1.0,0
0,1,0,1.0,0.19399024367565035,1.0,0
0,1,0,1.0,0.19072178275513757,1.0,0
0,1,0,1.0,0.1874564274938652,1.0,0
0,1,0,1.0,0.18419418480968697,1.0,0
0,1,0,1.0,0.18093506154863598,1.0,0
0,1,0,1.0,0.17767906448542126,1.0,0
0,1,0,1.0,0.17442620032391953,1.0,0
0,1,0,1.0,0.17117647569766187,1.0,0
0,1,0,1.0,0.16792989717031576,1.0,0
0,1,0,1.0,0.16468647123616217,1.0,0
0,1,0,1.0,0.16144620432056841,1.0,0
0,1,0,1.0,0.1582091027804559,1.0,0
0,1,0,1.0,0.15497517290476384,1.0,0
0,1,0,1.0,0.15174442091490828,1.0,0
0,1,0,1.0,0.14851685296523692,1.0,0
0,1,0,1.0,0.1452924751434797,1.0,0
0,1,0,1.0,0.1420712934711949,1.0,0
0,1,0,1.0,0.13885331390421146,1.0,0
0,1,0,1.0,0.13563854233306705,1.0,0
0,1,0,1.0,0.1324269845834421,1.0,0
0,1,0,1.0,0.12921864641658995,1.0,0
0,1,0,1.0,0.12601353352976313,1.0,0
0,1,0,1.0,0.12281165155663583,1.0,0
0,1,0,1.0,0.1196130060677224,1.0,0
0,1,0,1.0,0.11641760257079259,1.0,0
0,1,0,1.0,0.11322544651128263,1.0,0
0,1,0,1.0,0.11003654327270304,1.0,0
0,1,0,1.0,0.10685089817704285,1.0,0
0,1,0,1.0,0.10366851648517024,1.0,0
0,1,0,1.0,0.10048940339722978,1.0,0
0,1,0,1.0,0.09731356405303643,1.0,0
0,1,0,1.0,0.09414100353246595,1.0,0
0,1,0,1.0,0.09097172685584223,1.0,0
0,1,0,1.0,0.08780573898432127,1.0,0
0,1,0,1.0,0.08464304482027205,1.0,0
0,1,0,1.0,0.08148364920765416,1.0,0
0,1,0,1.0,0.07832755693239248,1.0,0
0,1,0,1.0,0.07517477272274853,1.0,0
0,1,0,1.0,0.07202530124968919,1.0,0
0,1,0,1.0,0.06887914712725206,1.0,0
0,1,0,1.0,0.06573631491290818,1.0,0
0,1,0,1.0,0.0625968091079217,1.0,0
0,1,0,1.0,0.05946063415770671,1.0,0
0,1,0,1.0,0.056327794452181355,1.0,0
0,1,0,1.0,0.05319829432611911,1.0,0
0,1,0,1.0,0.05007213805949726,1.0,0
0,1,0,1.0,0.04694932987784278,1.0,0
0,1,0,1.0,0.04382987395257552,1.0,0
0,1,0,1.0,0.0407137744013487,1.0,0
0,1,0,1.0,0.03760103528838694,1.0,0
0,1,0,1.0,0.034491660624821556,1.0,0
0,1,0,1.0,0.031385654369023484,1.0,0
0,1,0,1.0,0.028283020426933612,1.0,0
0,1,0,1.0,0.025183762652390685,1.0,0
0,1,0,1.0,0.022087884847456773,1.0,0
0,1,0,1.0,0.018995390762740337,1.0,0
0,1,0,1.0,0.0159062840977169,1.0,0
0,1,0,1.0,0.012820568501047425,1.0,0
0,1,0,1.0,0.009225708225057777,1.0,0
0,1,0,1.0,0.005634813339045175,1.0,0
0,1,0,1.0,0.0020478879155282274,1.0,0
0,1,0,1.0,1.0,1.0,0
0,1,0,1.0,1.0,1.0,0
0,1,0,1.0,1.0,1.0,0
0,1,0,1.0,1.0,1.0,0
0,1,0,1.0,1.0,1.0,0
0,1,0,1.0,1.0,1.0,0
0,1,0,1.0,1.0,1.0,0
0,1,0,1.0,1.0,1.0,0
0,1,0,1.0,1.0,1.0,0
0,1,0,1.0,1.0,1.0,0
0,1,0,1.0,1.0,1.0,0
0,1,0,1.0,1.0,1.0,0
0,1,0,1.0,1.0,1.0,0
0,1,0,1.0,1.0,1.0,0
0,1,0,1.0,1.0,1.0,0
0,1,0,1.0,1.0,1.0,0
0,1,0,1.0,1.0,1.0,0
0,1,0,1.0,1.0,1.0,0
0,1,0,1.0,1.0,1.0,0
0,1,0,1.0,1.0,1.0,0
0,1,0,1.0,1.0,1.0,0
0,1,0,1.0,1.0,1.0,0
0,1,0,1.0,1.0,1.0,0
0,1,0,1.0,1.0,1.0,0
0,1,0,1.0,1.0,1.0,0
0,1,0,1.0,1.0,1.0,0
0,1,0,1.0,1.0,1.0,0
0,1,0,1.0,1.0,1.0,0
0,1,0,1.0,1.0,1.0,0
0,1,0,1.0,1.0,1.0,0
0,1,0,1.0,1.0,1.0,0
0,1,0,1.0,1.0,1.0,0
0,1,0,1.0,1.0,1.0,0
0,1,0,1.0,1.0,1.0,0
0,1,0,1.0,1.0,1.0,0
0,1,0,1.0,1.0,1.0,0
0,1,0,1.0,1.0,1.0,0
0,1,0,1.0,1.0,1.0,0
0,1,0,1.0,1.0,1.0,0
0,1,0,1.0,1.0,1.0,0
0,1,0,1.0,1.0,1.0,0
0,1,0,1.0,1.0,1.0,0
0,1,0,1.0,1.0,1.0,0
0,1,0,1.0,1.0,1.0,0
0,1,0,1.0,1.0,1.0,0
0,1,0,1.0,1.0,1.0,0
0,1,0,1.0,1.0,1.0,0
0,1,0,1.0,1.0,1.0,0
0,1,0,1.0,1.0,1.0,0
0,1,0,1.0,1.0,1.0,0
0,1,0,1.0,1.0,1.0,2
0,0,1,1.0,1.0,1.0,2
0,0,1,1.0,1.0,1.0,2
0,0,1,1.0,1.0,1.0,2
0,0,1,1.0,1.0,1.0,2
0,0,1,1.0,1.0,1.0,2
0,0,1,1.0,1.0,1.0,0
0,0,1,1.0,1.0,1.0,0
0,0,1,1.0,1.0,1.0,0
0,0,1,1.0,1.0,1.0,0
0,0,1,1.0,1.0,1.0,0
0,0,1,1.0,1.0,1.0,0
0,0,1,1.0,1.0,1.0,0
0,0,1,1.0,1.0,1.0,0
0,0,1,1.0,1.0,1.0,0
0,0,1,1.0,1.0,1.0,0
0,0,1,1.0,1.0,1.0,0
0,0,1,1.0,1.0,1.0,0
0,0,1,1.0,1.0,1.0,0
0,0,1,1.0,1.0,1.0,0
0,0,1,1.0,1.0,1.0,0
0,0,1,1.0,1.0,1.0,0
0,0,1,1.0,1.0,1.0,0
0,0,1,1.0,1.0,1.0,0
0,0,1,1.0,1.0,1.0,0
0,0,1,1.0,1.0,1.0,0
0,0,1,1.0,1.0,1.0,1
0,1,0,1.0,1.0,1.0,1
1,0,0,1.0,1.0,1.0,1
1,0,0,1.0,1.0,1.0,1
1,0,0,1.0,1.0,1.0,0
1,0,0,1.0,1.0,1.0,0
1,0,0,1.0,1.0,1.0,0
1,0,0,1.0,1.0,1.0,0
1,0,0,1.0,1.0,1.0,0
1,0,0,1.0,1.0,1.0,0
1,0,0,1.0,1.0,1.0,0
1,0,0,1.0,1.0,1.0,0
1,0,0,1.0,1.0,1.0,0
1,0,0,1.0,1.0,1.0,0
1,0,0,1.0,1.0,1.0,1
1,0,0,1.0,1.0,1.0,1
1,0,0,1.0,1.0,1.0,1
1,0,0,1.0,1.0,1.0,1
1,0,0,1.0,1.0,1.0,0
1,0,0,1.0,1.0,1.0,0
1,0,0,1.0,1.0,1.0,0
1,0,0,1.0,1.0,1.0,0
1,0,0,1.0,1.0,1.0,0
1,0,0,1.0,1.0,1.0,0
1,0,0,1.0,1.0,1.0,0
1,0,0,1.0,0.5222990293103125,1.0,0
1,0,0,1.0,0.5187660169212768,1.0,0
1,0,0,1.0,0.5152346554982912,1.0,0
1,0,0,1.0,0.5117049664382126,1.0,0
1,0,0,1.0,0.5081769709047163,1.0,0
1,0,0,1.0,0.5046506898321552,1.0,0
1,0,0,1.0,0.5011261439293075,1.0,0
1,0,0,1.0,0.4976033536830151,1.0,0
1,0,0,1.0,0.4940823393617194,1.0,0
1,0,0,1.0,0.4905631210188964,1.0,0
1,0,0,1.0,0.48704571849639666,1.0,2
0,1,0,1.0,0.48353015142769296,1.0,2
0,0,1,1.0,0.4800164392410388,1.0,2
0,0,1,1.0,0.4765046011625427,1.0,2
0,0,1,1.0,0.47299465621915904,1.0,2
0,0,1,1.0,0.4694866232416014,1.0,0
0,0,1,1.0,0.4659805208671782,1.0,0
0,0,1,1.0,0.4624763675425564,1.0,0
0,0,1,1.0,0.4589741815264537,1.0,0
0,0,1,1.0,0.45547398089226226,1.0,0
0,0,1,1.0,0.45197578353060797,1.0,0
0,0,1,1.0,0.44847960715184493,1.0,0
0,0,1,1.0,0.44498546928848925,1.0,0
0,0,1,1.0,0.44149338729759424,1.0,0
0,0,1,1.0,0.4380033783630674,1.0,0
0,0,1,1.0,0.4345154594979335,1.0,0
0,0,1,1.0,0.43102964754654344,1.0,0
0,0,1,1.0,0.427545959186732,1.0,0
0,0,1,1.0,0.42406441093192626,1.0,0
0,0,1,1.0,0.42058501913320495,1.0,0
0,0,1,1.0,0.4171077999813118,1.0,0
0,0,1,1.0,0.41363276950862404,1.0,0
0,0,1,1.0,0.4101599435910767,1.0,0
0,0,1,1.0,0.4066893379500449,1.0,0
0,0,1,1.0,0.40322096815418584,1.0,0
0,0,1,1.0,0.3997548496212399,1.0,1
0,1,0,1.0,0.3962909976197949,1.0,1
1,0,0,1.0,0.3928294272710121,1.0,1
1,0,0,1.0,0.38937015355031634,1.0,0
1,0,0,1.0,0.3859131912890515,1.0,0
1,0,0,1.0,0.38245855517610183,1.0,0
1,0,0,1.0,0.3790062597594808,1.0,0
1,0,0,1.0,0.3755563194478873,1.0,0
1,0,0,1.0,0.3721087485122315,1.0,0
1,0,0,1.0,0.36866356108713055,1.0,0
1,0,0,1.0,0.36522077117237484,1.0,0
1,0,0,1.0,0.36178039263436607,1.0,0
1,0,0,1.0,0.3583424392075282,1.0,0
1,0,0,1.0,0.3549069244956907,1.0,0
1,0,0,1.0,0.35147386197344666,1.0,0
1,0,0,1.0,0.34804326498748545,1.0,0
1,0,0,1.0,0.3446151467579003,1.0,0
1,0,0,1.0,0.34118952037947287,1.0,0
1,0,0,1.0,0.3377663988229338,1.0,0
1,0,0,1.0,0.33434579493620126,1.0,0
1,0,0,1.0,0.33092772144559685,1.0,0
1,0,0,1.0,0.32751219095704076,1.0,0
1,0,0,1.0,0.3240992159572261,1.0,2
0,1,0,1.0,0.320688808814772,1.0,2
0,0,1,1.0,0.3172809817813583,1.0,2
0,0,1,1.0,0.3138757469928399,1.0,0
0,0,1,1.0,0.31047311647034326,1.0,0
0,0,1,1.0,0.30707310212134403,1.0,0
0,0,1,1.0,0.30367571574072705,1.0,0
0,0,1,1.0,0.3002809690118292,1.0,0
0,0,1,1.0,0.29688887350746523,1.0,0
0,0,1,1.0,0.29349944069093714,1.0,0
0,0,1,1.0,0.29011268191702744,1.0,0
0,0,1,1.0,0.2867286084329769,1.0,0
0,0,1,1.0,0.2833472313794466,1.0,0
0,0,1,1.0,0.2799685617914659,1.0,0
0,0,1,1.0,0.27659261059936513,1.0,0
0,0,1,1.0,0.2732193886296939,1.0,0
0,0,1,1.0,0.2698489066061268,1.0,0
0,0,1,1.0,0.26648117515035397,1.0,0
0,0,1,1.0,0.26311620478295955,1.0,0
0,0,1,1.0,0.25975400592428705,1.0,1
0,1,0,1.0,0.2563945888952916,1.0,1
1,0,0,1.0,0.25303796391838074,1.0,1
1,0,0,1.0,0.24968414111824208,1.0,0
1,0,0,1.0,0.24633313052266054,1.0,0
1,0,0,1.0,0.24298494206332286,1.0,0
1,0,0,1.0,0.23963958557661175,1.0,0
1,0,0,1.0,0.2362970708043886,1.0,0
1,0,0,1.0,0.2329574073947655,1.0,0
1,0,0,1.0,0.22962060490286715,1.0,0
1,0,0,1.0,0.22628667279158193,1.0,0
1,0,0,1.0,0.2229556204323034,1.0,0
1,0,0,1.0,0.2196274571056617,1.0,0
1,0,0,1.0,0.21630219200224537,1.0,0
1,0,0,1.0,0.2129798342233141,1.0,0
1,0,0,1.0,0.2096603927815016,1.0,0
1,0,0,1.0,0.20634387660151013,1.0,0
1,0,0,1.0,0.20303029452079588,1.0,0
1,0,0,1.0,0.1997196552902457,1.0,0
1,0,0,1.0,0.1964119675748454,1.0,0
1,0,0,1.0,0.19310723995433987,1.0,2
0,1,0,1.0,0.18980548092388497,1.0,2
0,0,1,1.0,0.1865066988946915,1.0,2
0,0,1,1.0,0.18321090219466138,1.0,0
0,0,1,1.0,0.1799180990690161,1.0,0
0,0,1,1.0,0.1766282976809179,1.0,0
0,0,1,1.0,0.1733415061120834,1.0,0
0,0,1,1.0,0.1700577323633902,1.0,0
0,0,1,1.0,0.16677698435547628,1.0,0
0,0,1,1.0,0.16349926992933256,1.0,0
0,0,1,1.0,0.16022459684688872,1.0,0
0,0,1,1.0,0.15695297279159237,1.0,0
0,0,1,1.0,0.1536844053689815,1.0,0
0,0,1,1.0,0.15041890210725087,1.0,0
0,0,1,1.0,0.14715647045781172,1.0,0
0,0,1,1.0,0.14389711779584574,1.0,0
0,0,1,1.0,0.14064085142085264,1.0,0
0,0,1,1.0,0.13738767855719197,1.0,0
0,0,1,1.0,0.13413760635461916,1.0,0
0,0,1,1.0,0.1308906418888155,1.0,0
0,0,1,1.0,0.12764679216191294,1.0,0
0,0,1,1.0,0.12440606410301325,1.0,0
0,0,1,1.0,0.12116846456870141,1.0,1
0,1,0,1.0,0.11793400034355425,1.0,1
1,0,0,1.0,0.11470267814064339,1.0,0
1,0,0,1.0,0.11147450460203331,1.0,0
1,0,0,1.0,0.10824948629927426,1.0,0
1,0,0,1.0,0.10502762973389028,1.0,0
1,0,0,1.0,0.10180894133786222,1.0,0
1,0,0,1.0,0.09859342747410617,1.0,0
1,0,0,1.0,0.09538109443694694,1.0,0
1,0,0,1.0,0.09217194845258717,1.0,0
1,0,0,1.0,0.08896599567957167,1.0,0
1,0,0,1.0,0.0857632422092474,1.0,0
1,0,0,1.0,0.08256369406621902,1.0,0
1,0,0,1.0,0.07936735720880014,1.0,0
1,0,0,1.0,0.07617423752946019,1.0,0
1,0,0,1.0,0.0729843408552673,1.0,0
1,0,0,1.0,0.0697976729483269,1.0,0
1,0,0,1.0,0.06661423950621632,1.0,0
1,0,0,1.0,0.06343404616241544,1.0,0
1,0,0,1.0,0.060257098486733274,1.0,0
1,0,0,1.0,0.05708340198573092,1.0,0
1,0,0,1.0,0.05391296210314046,1.0,0
1,0,0,1.0,0.05074578422028027,1.0,0
1,0,0,1.0,0.04758187365646658,1.0,0
1,0,0,1.0,0.044421235669421466,1.0,0
1,0,0,1.0,0.04126387545567716,1.0,0
1,0,0,1.0,0.038109798150976947,1.0,0
1,0,0,1.0,0.03495900883067252,1.0,0
1,0,0,1.0,0.03181151251011794,1.0,0
1,0,0,1.0,0.02866731414506028,1.0,0
1,0,0,1.0,0.025526418632026836,1.0,0
1,0,0,1.0,0.022388830808709227,1.0,0
1,0,0,1.0,0.019254555454344107,1.0,0
1,0,0,1.0,0.016123597290090854,1.0,0
1,0,0,1.0,0.012995960979406033,1.0,0
1,0,0,1.0,0.009871651128414817,1.0,0
1,0,0,1.0,0.006750672286279366,1.0,0
1,0,0,1.0,0.0036330289455641985,1.0,0
1,0,0,1.0,0.0005187255425986257,1.0,0
1,0,0,1.0,0.2711476285103275,1.0,0
1,0,0,1.0,0.26789266723805255,1.0,0
1,0,0,1.0,0.26464093369944214,1.0,0
1,0,0,1.0,0.26139243331510736,1.0,0
1,0,0,1.0,0.2581471714450655,1.0,0
1,0,0,1.0,0.2549051533891252,1.0,0
1,0,0,1.0,0.251666384387269,1.0,0
1,0,0,1.0,0.24843086962003197,1.0,0
1,0,0,1.0,0.2451986142088783,1.0,0
1,0,0,1.0,0.2419696232165743,1.0,0
1,0,0,1.0,0.2387439016475584,1.0,0
1,0,0,1.0,0.23552145444830833,1.0,0
1,0,0,1.0,0.23230228650770562,1.0,0
1,0,0,1.0,0.22908640265739694,1.0,0
1,0,0,1.0,0.22587380767215262,1.0,0
1,0,0,1.0,0.22266450627022277,1.0,0
1,0,0,1.0,0.21945850311369025,1.0,0
1,0,0,1.0,0.21625580280882098,1.0,0
1,0,0,1.0,0.2130564099064119,1.0,0
1,0,0,1.0,0.20986032890213585,1.0,0
1,0,0,1.0,0.20666756423688448,1.0,0
1,0,0,1.0,0.2029655809512711,1.0,0
1,0,0,1.0,0.1992674898989612,1.0,0
1,0,0,1.0,0.19557329593294573,1.0,0
1,0,0,1.0,0.1918830038445608,1.0,0
1,0,0,1.0,0.18819661836386883,1.0,0
1,0,0,1.0,0.18451414416003636,1.0,0
1,0,0,1.0,0.18083558584170972,1.0,0
1,0,0,1.0,0.17716094795738754,1.0,0
1,0,0,1.0,0.17349023499579094,1.0,0
1,0,0,1.0,0.1698234513862308,1.0,0
1,0,0,1.0,0.16616060149897255,1.0,0
1,0,0,1.0,0.16250168964559839,1.0,0
1,0,0,1.0,0.158846720079367,1.0,0
1,0,0,1.0,0.15519569699557054,1.0,0
1,0,0,1.0,0.15154862453188941,1.0,0
1,0,0,1.0,0.1479055067687444,1.0,0
1,0,0,1.0,0.14426634772964642,1.0,0
1,0,0,1.0,0.14063115138154395,1.0,0
1,0,0,1.0,0.1369999216351678,1.0,0
1,0,0,1.0,0.1333726623453741,1.0,0
1,0,0,1.0,0.12974937731148417,1.0,0
1,0,0,1.0,0.1261300702776229,1.0,0
1,0,0,1.0,0.1225147449330543,1.0,0
1,0,0,1.0,0.11890340491251494,1.0,0
1,0,0,1.0,0.11529605379654544,1.0,0
1,0,0,1.0,0.11169269511181927,1.0,0
1,0,0,1.0,0.1080933323314699,1.0,0
1,0,0,1.0,0.10449796887541529,1.0,0
1,0,0,1.0,0.10090660811068078,1.0,0
1,0,0,1.0,0.09731925335171934,1.0,0
1,0,0,1.0,0.09373590786073017,1.0,0
1,0,0,1.0,0.09015657484797503,1.0,0
1,0,0,1.0,0.0865812574720925,1.0,0
1,0,0,1.0,0.08300995884041037,1.0,0
1,0,0,1.0,0.07944268200925596,1.0,0
1,0,0,1.0,0.07587942998426431,1.0,0
1,0,0,1.0,0.07232020572068473,1.0,0
1,0,0,1.0,0.06876501212368513,1.0,0
1,0,0,1.0,0.06521385204865454,1.0,0
1,0,0,1.0,0.06166672830150381,1.0,0
1,0,0,1.0,0.05812364363896424,1.0,0
1,0,0,1.0,0.05458460076888451,1.0,0
1,0,0,1.0,0.051049602350525705,1.0,0
1,0,0,1.0,0.04751865099485453,1.0,0
1,0,0,1.0,0.04399174926483468,1.0,0
1,0,0,1.0,0.04046889967571646,1.0,0
1,0,0,1.0,0.0369501046953246,1.0,0
1,0,0,1.0,0.03343536674434436,1.0,0
1,0,0,1.0,0.02992468819660583,1.0,0
1,0,0,1.0,0.026418071379366564,1.0,0
1,0,0,1.0,0.022915518573592454,1.0,0
1,0,0,1.0,0.019417032014236963,1.0,0
1,0,0,1.0,0.015922613890518637,1.0,0
1,0,0,1.0,0.012432266346196985,1.0,0
1,0,0,1.0,0.008945991479846701,1.0,0
1,0,0,1.0,0.005463791345130246,1.0,0
1,0,0,1.0,0.0019856679510688374,1.0,0
1,0,0,1.0,0.3740786867389662,1.0,0
1,0,0,1.0,0.3703880578044923,1.0,0
1,0,0,1.0,0.3667014439470642,1.0,0
1,0,0,1.0,0.3630188481770332,1.0,0
1,0,0,1.0,0.3593402734557531,1.0,0
1,0,0,1.0,0.3556657226958694,1.0,0
1,0,0,1.0,0.35199519876160684,1.0,0
1,0,0,1.0,0.34832870446905495,1.0,0
1,0,0,1.0,0.3446662425864524,1.0,0
1,0,0,1.0,0.3410078158344691,1.0,0
1,0,0,1.0,0.3373534268864872,1.0,0
1,0,0,1.0,0.3337030783688797,1.0,0
1,0,0,1.0,0.3300567728612886,1.0,0
1,0,0,1.0,0.32641451289690004,1.0,0
1,0,0,1.0,0.3227763009627189,1.0,0
1,0,0,1.0,0.3191421394998413,1.0,0
1,0,0,1.0,0.3155120309037256,1.0,0
1,0,0,1.0,0.3118859775244619,1.0,0
1,0,0,1.0,0.30826398166704017,1.0,0
1,0,0,1.0,0.30464604559161623,1.0,0
1,0,0,1.0,0.30103217151377704,1.0,0
1,0,0,1.0,0.2974223616048037,1.0,0
